title,genre,rating
Toy Story,Animation,8.3
Jumanji,Adventure,7.0
The Lion King,Animation,8.5
Finding Nemo,Animation,8.2
Shrek,Animation,7.9
Titanic,Romance,7.9
The Notebook,Romance,7.8
La La Land,Romance,8.0
The Matrix,Action,8.7
Iron Man,Action,7.9
The Avengers,Action,8.0
The Dark Knight,Action,9.0
Inception,Sci-Fi,8.8
Interstellar,Sci-Fi,8.6
The Martian,Sci-Fi,8.0
Jurassic Park,Adventure,8.2
Indiana Jones,Adventure,8.4
Harry Potter,Fantasy,7.6
The Lord of the Rings,Fantasy,8.8
Pirates of the Caribbean,Adventure,8.1
The Hangover,Comedy,7.7
Home Alone,Comedy,7.7
Mr. Bean,Comedy,7.5
3 Idiots,Comedy,8.4
Dangal,Drama,8.3
Forrest Gump,Drama,8.8
The Shawshank Redemption,Drama,9.3
The Conjuring,Horror,7.5
It,Horror,7.3
A Quiet Place,Horror,7.5
